id,first_name,last_name,email,country
1,Rick,Brent,Rick.Brent4@fakeemail.com,VU
2,Beth,Jerry,Beth.Jerry23@fakeemail.com,NULL
3,Jessie,Jessie,Jessie.Jessie36@fakeemail.com,NULL
4,White,Andrea,White.Andrea78@fakeemail.com,BH
5,Jackson,Steve,Jackson.Steve61@fakeemail.com,MK
6,Campbell,Wilson,Campbell.Wilson15@fakeemail.com,YT
7,Andrea,Wilson,Andrea.Wilson78@fakeemail.com,CN
8,Campbell,Perry,Campbell.Perry65@fakeemail.com,PM
9,Stacy,Campbell,Stacy.Campbell17@fakeemail.com,NULL
10,Rick,Steve,Rick.Steve13@fakeemail.com,MD
11,Tinkles,Miller,Tinkles.Miller73@fakeemail.com,NULL
12,Steve,Gordon,Steve.Gordon35@fakeemail.com,TD
13,White,Anderson,NULL,NULL
14,Stacy,Hall,NULL,EH
15,Sanchez,Wilson,Sanchez.Wilson15@fakeemail.com,GF
16,Rick,Beth,Rick.Beth72@fakeemail.com,NULL
17,Wilson,Jessie,Wilson.Jessie47@fakeemail.com,GL
18,Rose,Donna,Rose.Donna16@fakeemail.com,CR
19,Donna,Holmes,Donna.Holmes62@fakeemail.com,NI
20,Summer,Jackson,Summer.Jackson43@fakeemail.com,NULL
21,Sullivan,Chris,Sullivan.Chris60@fakeemail.com,BM
22,Miller,Perry,Miller.Perry69@fakeemail.com,DZ
23,Rick,Miller,Rick.Miller71@fakeemail.com,GU
24,Brent,Smith,Brent.Smith5@fakeemail.com,NULL
25,Sanchez,Stacy,Sanchez.Stacy64@fakeemail.com,AR
26,Jerry,Andrea,Jerry.Andrea43@fakeemail.com,IO
27,Morty,Steve,Morty.Steve50@fakeemail.com,SB
28,Harvey,Jackson,Harvey.Jackson80@fakeemail.com,SJ
29,Andrea,Jackson,Andrea.Jackson16@fakeemail.com,KG
30,Hall,Jerry,Hall.Jerry68@fakeemail.com,ZA
31,Johnson,Johnson,Johnson.Johnson59@fakeemail.com,KZ
32,Jones,White,Jones.White47@fakeemail.com,PK
33,Perry,Summer,Perry.Summer25@fakeemail.com,JE
34,Gordon,Jones,Gordon.Jones39@fakeemail.com,AX
35,Jackson,Gary,Jackson.Gary9@fakeemail.com,GP
36,Jackson,Campbell,Jackson.Campbell35@fakeemail.com,GB
37,Sullivan,Rick,Sullivan.Rick73@fakeemail.com,NULL
38,Jeff,Michelle,Jeff.Michelle47@fakeemail.com,VC
39,Sanchez,Morty,Sanchez.Morty49@fakeemail.com,FO
40,Perry,Steve,Perry.Steve64@fakeemail.com,GW
41,Sanchez,Perry,Sanchez.Perry10@fakeemail.com,NF
42,Wilson,Wilson,Wilson.Wilson3@fakeemail.com,TZ
43,Steve,Johnson,Steve.Johnson56@fakeemail.com,NC
44,Brent,Andrea,Brent.Andrea53@fakeemail.com,NULL
45,Jackson,Tinkles,Jackson.Tinkles3@fakeemail.com,NC
46,Black,Campbell,Black.Campbell63@fakeemail.com,NULL
47,Donna,Wilson,Donna.Wilson60@fakeemail.com,NL
48,Black,Perry,Black.Perry45@fakeemail.com,BE
49,Brent,Rose,Brent.Rose31@fakeemail.com,AD
50,White,Tinkles,White.Tinkles2@fakeemail.com,GU
51,Stacy,Holmes,Stacy.Holmes71@fakeemail.com,SG
52,Morty,Morty,Morty.Morty32@fakeemail.com,GE
53,Harvey,Stacy,Harvey.Stacy14@fakeemail.com,NULL
54,Brent,Beth,Brent.Beth33@fakeemail.com,CV
55,Black,Jones,Black.Jones60@fakeemail.com,BR
56,Tinkles,Perry,Tinkles.Perry66@fakeemail.com,GM
57,Johnson,Donna,Johnson.Donna13@fakeemail.com,NULL
58,Andrea,Rose,Andrea.Rose20@fakeemail.com,MG
59,Anderson,Campbell,Anderson.Campbell32@fakeemail.com,SB
60,Steve,Morty,Steve.Morty44@fakeemail.com,MK
61,Beth,Michelle,Beth.Michelle31@fakeemail.com,NULL
62,Jones,Campbell,Jones.Campbell14@fakeemail.com,NULL
63,Harvey,Brent,Harvey.Brent47@fakeemail.com,NULL
64,Gordon,Thomas,Gordon.Thomas7@fakeemail.com,WF
65,Rose,Anderson,Rose.Anderson32@fakeemail.com,ST
66,Gary,Gordon,Gary.Gordon61@fakeemail.com,TM
67,Jessie,Jessie,Jessie.Jessie46@fakeemail.com,NULL
68,Tinkles,Steve,NULL,NULL
69,Black,Alex,Black.Alex26@fakeemail.com,ER
70,Smith,Anderson,Smith.Anderson44@fakeemail.com,TK
71,Beth,Rose,Beth.Rose78@fakeemail.com,NULL
72,Brent,Black,Brent.Black11@fakeemail.com,BH
73,Michelle,Beth,Michelle.Beth16@fakeemail.com,PL
74,Morty,Andrea,Morty.Andrea22@fakeemail.com,NULL
75,Holmes,Perry,Holmes.Perry30@fakeemail.com,PN
76,Wilson,Jackson,Wilson.Jackson71@fakeemail.com,NULL
77,Jessie,Perry,Jessie.Perry63@fakeemail.com,NULL
78,Morty,Anderson,Morty.Anderson36@fakeemail.com,AW
79,White,Rick,White.Rick32@fakeemail.com,BR
80,Harvey,Hall,Harvey.Hall73@fakeemail.com,IL
81,Jeff,Sullivan,Jeff.Sullivan48@fakeemail.com,DJ
82,Gary,Morty,Gary.Morty65@fakeemail.com,IE
83,Smith,Thomas,Smith.Thomas78@fakeemail.com,CS
84,Brent,Gary,Brent.Gary12@fakeemail.com,BN
85,Thomas,Summer,Thomas.Summer41@fakeemail.com,MG
86,Alex,Donna,Alex.Donna30@fakeemail.com,PF
87,Jessie,Sanchez,Jessie.Sanchez12@fakeemail.com,BI
88,Black,Rose,Black.Rose80@fakeemail.com,NULL
89,Jessie,Wilson,Jessie.Wilson43@fakeemail.com,SR
90,Anderson,Wilson,Anderson.Wilson51@fakeemail.com,SK
91,Campbell,Summer,Campbell.Summer37@fakeemail.com,CA
92,Harvey,Beth,Harvey.Beth17@fakeemail.com,PF
93,Brent,Harvey,Brent.Harvey67@fakeemail.com,NULL
94,Jackson,Andrea,Jackson.Andrea74@fakeemail.com,CX
95,Harvey,Michelle,Harvey.Michelle75@fakeemail.com,NULL
96,Donna,Harvey,Donna.Harvey23@fakeemail.com,PG
97,Johnson,Miller,Johnson.Miller4@fakeemail.com,NULL
98,Brent,Brent,Brent.Brent38@fakeemail.com,NULL
99,Jerry,Anderson,NULL,YE
100,Summer,Summer,Summer.Summer19@fakeemail.com,TG
101,Hall,Stacy,Hall.Stacy58@fakeemail.com,PE
102,Tinkles,Thomas,Tinkles.Thomas65@fakeemail.com,AF
103,Beth,Chris,Beth.Chris48@fakeemail.com,NULL
104,Campbell,Sullivan,Campbell.Sullivan24@fakeemail.com,SE
105,Rick,Gordon,Rick.Gordon27@fakeemail.com,AZ
106,Holmes,Michelle,Holmes.Michelle11@fakeemail.com,TG
107,Holmes,Perry,Holmes.Perry37@fakeemail.com,NULL
108,Miller,Chris,Miller.Chris60@fakeemail.com,FJ
109,Jackson,Jessie,Jackson.Jessie15@fakeemail.com,KH
110,Black,Gary,Black.Gary7@fakeemail.com,NULL
111,Stacy,Brown,Stacy.Brown32@fakeemail.com,CM
112,Donna,Michelle,Donna.Michelle64@fakeemail.com,NULL
113,Donna,Miller,Donna.Miller3@fakeemail.com,MH
114,Jessie,Smith,Jessie.Smith75@fakeemail.com,MV
115,Miller,Campbell,Miller.Campbell58@fakeemail.com,NULL
116,Holmes,Hall,Holmes.Hall21@fakeemail.com,GI
117,Gary,Summer,Gary.Summer53@fakeemail.com,KY
118,Harvey,Holmes,Harvey.Holmes56@fakeemail.com,TK
119,Chris,Wilson,Chris.Wilson27@fakeemail.com,AU
120,Jackson,Thomas,Jackson.Thomas49@fakeemail.com,DO
121,Anderson,Stacy,Anderson.Stacy4@fakeemail.com,NULL
122,Jackson,Jeff,Jackson.Jeff17@fakeemail.com,HM
123,White,Tinkles,White.Tinkles43@fakeemail.com,BI
124,Black,Beauregard,Black.Beauregard61@fakeemail.com,NULL
125,Chris,Stacy,Chris.Stacy51@fakeemail.com,IR
126,Tinkles,Steve,NULL,GY
127,Hall,Morty,Hall.Morty73@fakeemail.com,NULL
128,Beauregard,Harvey,Beauregard.Harvey44@fakeemail.com,GF
129,Michelle,Perry,Michelle.Perry11@fakeemail.com,NULL
130,Steve,Johnson,Steve.Johnson78@fakeemail.com,KG
131,Jackson,Hall,Jackson.Hall65@fakeemail.com,NULL
132,White,Perry,White.Perry74@fakeemail.com,NULL
133,Wilson,Alex,Wilson.Alex18@fakeemail.com,NULL
134,Wilson,Stacy,Wilson.Stacy68@fakeemail.com,PN
135,Beauregard,Andrea,Beauregard.Andrea21@fakeemail.com,ML
136,Chris,Andrea,Chris.Andrea71@fakeemail.com,PH
137,Donna,Morty,Donna.Morty37@fakeemail.com,NULL
138,Beauregard,Jones,Beauregard.Jones16@fakeemail.com,NU
139,Perry,Sanchez,Perry.Sanchez28@fakeemail.com,NULL
140,Brown,Rick,Brown.Rick71@fakeemail.com,TG
141,Andrea,Steve,Andrea.Steve31@fakeemail.com,NULL
142,Steve,Michelle,Steve.Michelle4@fakeemail.com,NF
143,Stacy,Hall,Stacy.Hall13@fakeemail.com,MH
144,Chris,Perry,Chris.Perry41@fakeemail.com,PY
145,Rick,Andrea,Rick.Andrea24@fakeemail.com,GI
146,Rose,Brent,Rose.Brent21@fakeemail.com,ZA
147,White,Jerry,White.Jerry20@fakeemail.com,BJ
148,Summer,Brown,Summer.Brown26@fakeemail.com,NULL
149,Sanchez,Steve,Sanchez.Steve21@fakeemail.com,FM
150,Beth,Jessie,Beth.Jessie76@fakeemail.com,SG
151,Harvey,Wilson,Harvey.Wilson15@fakeemail.com,MT
152,Smith,Sanchez,NULL,NULL
153,Steve,Smith,Steve.Smith53@fakeemail.com,NE
154,Beauregard,Andrea,Beauregard.Andrea12@fakeemail.com,SB
155,Morty,Michelle,Morty.Michelle20@fakeemail.com,MD
156,Steve,Harvey,Steve.Harvey23@fakeemail.com,LV
157,Stacy,Miller,Stacy.Miller51@fakeemail.com,KZ
158,Gordon,Perry,Gordon.Perry38@fakeemail.com,NULL
159,Harvey,Johnson,Harvey.Johnson76@fakeemail.com,NULL
160,Jerry,Summer,Jerry.Summer62@fakeemail.com,KH
161,Jessie,Brent,Jessie.Brent19@fakeemail.com,MT
162,Steve,Perry,Steve.Perry78@fakeemail.com,TH
163,Jessie,Sanchez,Jessie.Sanchez13@fakeemail.com,FO
164,Jackson,Steve,Jackson.Steve42@fakeemail.com,NULL
165,Beauregard,Sullivan,Beauregard.Sullivan45@fakeemail.com,FM
166,Anderson,Johnson,Anderson.Johnson62@fakeemail.com,MR
167,Chris,Jeff,Chris.Jeff32@fakeemail.com,NP
168,Alex,Jackson,Alex.Jackson36@fakeemail.com,KW
169,Alex,Rose,Alex.Rose43@fakeemail.com,NULL
170,Chris,Gordon,Chris.Gordon56@fakeemail.com,ZA
171,Rick,Andrea,NULL,AX
172,Holmes,Brown,NULL,NULL
173,White,Sanchez,White.Sanchez46@fakeemail.com,RW
174,Stacy,Gordon,Stacy.Gordon22@fakeemail.com,NULL
175,Perry,Michelle,Perry.Michelle70@fakeemail.com,BD
176,Harvey,Jessie,Harvey.Jessie48@fakeemail.com,NULL
177,Jessie,Jeff,Jessie.Jeff2@fakeemail.com,NULL
178,Beth,Jones,Beth.Jones80@fakeemail.com,JP
179,Holmes,Sanchez,Holmes.Sanchez6@fakeemail.com,VG
180,Gary,Holmes,Gary.Holmes2@fakeemail.com,GW
181,Rick,Andrea,Rick.Andrea10@fakeemail.com,VG
182,Wilson,Michelle,Wilson.Michelle36@fakeemail.com,EG
183,Jerry,Rose,Jerry.Rose9@fakeemail.com,IS
184,Chris,Summer,Chris.Summer52@fakeemail.com,NULL
185,Andrea,Beth,Andrea.Beth3@fakeemail.com,NP
186,Morty,Harvey,Morty.Harvey65@fakeemail.com,NULL
187,Jerry,Donna,Jerry.Donna70@fakeemail.com,SZ
188,Sullivan,Beauregard,Sullivan.Beauregard36@fakeemail.com,AG
189,Brown,Beth,Brown.Beth9@fakeemail.com,MG
190,Andrea,Beauregard,Andrea.Beauregard13@fakeemail.com,GN
191,Andrea,Harvey,Andrea.Harvey75@fakeemail.com,KH
192,Donna,Summer,Donna.Summer54@fakeemail.com,NULL
193,Sanchez,Gary,Sanchez.Gary79@fakeemail.com,SJ
194,Anderson,Perry,Anderson.Perry80@fakeemail.com,JE
195,Brown,Jessie,Brown.Jessie56@fakeemail.com,GL
196,Smith,Thomas,Smith.Thomas4@fakeemail.com,FI
197,Sanchez,Miller,Sanchez.Miller75@fakeemail.com,PR
198,Tinkles,Miller,Tinkles.Miller43@fakeemail.com,SD
199,Steve,Jones,Steve.Jones7@fakeemail.com,NULL
200,Harvey,Beth,Harvey.Beth55@fakeemail.com,ET
201,Jeff,Gordon,Jeff.Gordon19@fakeemail.com,NULL
202,Anderson,Morty,Anderson.Morty11@fakeemail.com,NULL
203,Black,Jackson,Black.Jackson53@fakeemail.com,NULL
204,Anderson,Jessie,Anderson.Jessie64@fakeemail.com,NULL
205,Brent,Wilson,Brent.Wilson10@fakeemail.com,NE
206,Campbell,Alex,Campbell.Alex67@fakeemail.com,AM
207,Michelle,Smith,Michelle.Smith80@fakeemail.com,NULL
208,Stacy,Brent,Stacy.Brent5@fakeemail.com,TF
209,Johnson,Hall,Johnson.Hall66@fakeemail.com,YE
210,Summer,Michelle,Summer.Michelle59@fakeemail.com,SV
211,Jackson,Smith,Jackson.Smith43@fakeemail.com,KR
212,White,Jones,White.Jones27@fakeemail.com,IS
213,Donna,Miller,Donna.Miller62@fakeemail.com,ML
214,Sullivan,Harvey,Sullivan.Harvey6@fakeemail.com,LU
215,Chris,White,Chris.White49@fakeemail.com,NULL
216,Sullivan,Gordon,Sullivan.Gordon30@fakeemail.com,GR
217,Smith,Thomas,Smith.Thomas73@fakeemail.com,VA
218,Wilson,Gary,Wilson.Gary26@fakeemail.com,HK
219,Miller,White,Miller.White55@fakeemail.com,NULL
220,Sullivan,Gary,Sullivan.Gary50@fakeemail.com,AF
221,Brent,Rose,Brent.Rose61@fakeemail.com,US
222,Rose,Harvey,NULL,BR
223,Wilson,Thomas,Wilson.Thomas63@fakeemail.com,NULL
224,Sullivan,Gary,Sullivan.Gary54@fakeemail.com,IS
225,Michelle,Gary,Michelle.Gary28@fakeemail.com,EG
226,Jerry,Jessie,Jerry.Jessie10@fakeemail.com,TO
227,Jessie,Andrea,Jessie.Andrea30@fakeemail.com,NULL
228,Jackson,Rick,Jackson.Rick2@fakeemail.com,TG
229,Wilson,Wilson,Wilson.Wilson22@fakeemail.com,ST
230,Steve,Morty,Steve.Morty53@fakeemail.com,NULL
231,White,Rose,White.Rose51@fakeemail.com,SE
232,Summer,White,Summer.White62@fakeemail.com,CN
233,Sanchez,Sullivan,Sanchez.Sullivan24@fakeemail.com,GL
234,Holmes,Jessie,Holmes.Jessie73@fakeemail.com,NULL
235,Jeff,Harvey,Jeff.Harvey51@fakeemail.com,AS
236,Alex,Holmes,Alex.Holmes26@fakeemail.com,EC
237,Steve,Smith,Steve.Smith37@fakeemail.com,CS
238,Donna,Rick,Donna.Rick47@fakeemail.com,NULL
239,Jackson,Jackson,Jackson.Jackson23@fakeemail.com,AF
240,Beth,Jessie,Beth.Jessie54@fakeemail.com,NE
241,Beauregard,Summer,Beauregard.Summer76@fakeemail.com,NULL
242,Jones,Jones,Jones.Jones60@fakeemail.com,NULL
243,Stacy,Sanchez,Stacy.Sanchez26@fakeemail.com,JO
244,Alex,Gary,Alex.Gary52@fakeemail.com,NULL
245,Rick,Perry,Rick.Perry2@fakeemail.com,NULL
246,Tinkles,Sullivan,Tinkles.Sullivan16@fakeemail.com,NULL
247,Rose,Brown,Rose.Brown32@fakeemail.com,KI
248,Anderson,Beauregard,Anderson.Beauregard60@fakeemail.com,TO
249,Beauregard,Sanchez,Beauregard.Sanchez34@fakeemail.com,NULL
250,Beauregard,Thomas,Beauregard.Thomas13@fakeemail.com,NULL
251,White,Anderson,White.Anderson30@fakeemail.com,NULL
252,Summer,Wilson,Summer.Wilson9@fakeemail.com,NULL
253,Miller,Campbell,Miller.Campbell18@fakeemail.com,GE
254,Summer,Jackson,Summer.Jackson9@fakeemail.com,CN
255,Johnson,Black,Johnson.Black36@fakeemail.com,NULL
256,Jackson,Summer,Jackson.Summer15@fakeemail.com,SV
257,Rick,Black,Rick.Black59@fakeemail.com,CI
258,Johnson,Jackson,Johnson.Jackson33@fakeemail.com,MY
259,Smith,Anderson,Smith.Anderson5@fakeemail.com,NULL
260,Campbell,Perry,Campbell.Perry62@fakeemail.com,BM
261,Brent,Harvey,Brent.Harvey56@fakeemail.com,MW
262,Beth,Alex,Beth.Alex15@fakeemail.com,TW
263,Chris,Perry,Chris.Perry42@fakeemail.com,NU
264,Black,Andrea,Black.Andrea77@fakeemail.com,AW
265,Andrea,White,Andrea.White58@fakeemail.com,CK
266,Andrea,Summer,Andrea.Summer18@fakeemail.com,HK
267,Donna,Smith,Donna.Smith43@fakeemail.com,JE
268,Smith,Brent,Smith.Brent79@fakeemail.com,UZ
269,Donna,Brown,Donna.Brown36@fakeemail.com,DJ
270,Harvey,Jessie,Harvey.Jessie68@fakeemail.com,NG
271,Brown,Wilson,Brown.Wilson14@fakeemail.com,DJ
272,Tinkles,Perry,Tinkles.Perry31@fakeemail.com,BS
273,Rick,Jones,Rick.Jones9@fakeemail.com,IO
274,Thomas,Black,Thomas.Black2@fakeemail.com,ZM
275,Brown,Perry,Brown.Perry23@fakeemail.com,LU
276,Brent,Alex,Brent.Alex6@fakeemail.com,UG
277,Campbell,Harvey,Campbell.Harvey61@fakeemail.com,KY
278,Rick,White,NULL,SG
279,Smith,Gary,Smith.Gary60@fakeemail.com,NULL
280,Jeff,Sanchez,Jeff.Sanchez5@fakeemail.com,NULL
281,Gordon,Rose,Gordon.Rose30@fakeemail.com,NULL
282,Black,Summer,Black.Summer48@fakeemail.com,ML
283,Jackson,Beth,Jackson.Beth41@fakeemail.com,NULL
284,Chris,Steve,Chris.Steve68@fakeemail.com,NULL
285,Harvey,Donna,Harvey.Donna10@fakeemail.com,SL
286,Jerry,Holmes,Jerry.Holmes35@fakeemail.com,VC
287,Gordon,Brown,Gordon.Brown31@fakeemail.com,TR
288,Thomas,Brent,Thomas.Brent5@fakeemail.com,GG
289,Jeff,Anderson,Jeff.Anderson30@fakeemail.com,KG
290,Hall,Black,Hall.Black45@fakeemail.com,NULL
291,Hall,Stacy,Hall.Stacy52@fakeemail.com,GF
292,Black,Rick,Black.Rick58@fakeemail.com,NULL
293,Harvey,Jackson,Harvey.Jackson35@fakeemail.com,CC
294,Wilson,Rose,Wilson.Rose76@fakeemail.com,NULL
295,Johnson,Johnson,Johnson.Johnson41@fakeemail.com,AS
296,White,Sullivan,White.Sullivan26@fakeemail.com,LC
297,Alex,Beauregard,Alex.Beauregard5@fakeemail.com,NULL
298,Gordon,Jackson,Gordon.Jackson5@fakeemail.com,BD
299,Miller,Jessie,Miller.Jessie39@fakeemail.com,NULL
300,White,Jackson,White.Jackson36@fakeemail.com,MK
301,Gary,Holmes,Gary.Holmes36@fakeemail.com,AF
302,Beauregard,Alex,Beauregard.Alex50@fakeemail.com,NULL
303,Harvey,Tinkles,Harvey.Tinkles21@fakeemail.com,AF
304,Morty,Campbell,Morty.Campbell34@fakeemail.com,NULL
305,Morty,Jackson,Morty.Jackson6@fakeemail.com,NULL
306,Jessie,Jackson,Jessie.Jackson59@fakeemail.com,NULL
307,Jerry,Jackson,Jerry.Jackson57@fakeemail.com,TG
308,Jessie,Johnson,Jessie.Johnson71@fakeemail.com,NULL
309,Chris,Jessie,Chris.Jessie45@fakeemail.com,CU
310,Donna,Jessie,Donna.Jessie48@fakeemail.com,IE
311,Chris,Perry,Chris.Perry39@fakeemail.com,SJ
312,Gary,Tinkles,Gary.Tinkles64@fakeemail.com,TT
313,Anderson,Jackson,NULL,GD
314,Steve,Smith,Steve.Smith12@fakeemail.com,SZ
315,Wilson,Wilson,Wilson.Wilson48@fakeemail.com,GB
316,Campbell,Jones,Campbell.Jones41@fakeemail.com,PT
317,Miller,Anderson,Miller.Anderson29@fakeemail.com,NULL
318,Harvey,Beth,Harvey.Beth71@fakeemail.com,SD
319,Miller,Holmes,Miller.Holmes14@fakeemail.com,NULL
320,Michelle,Steve,Michelle.Steve7@fakeemail.com,HN
321,Holmes,Johnson,Holmes.Johnson28@fakeemail.com,NL
322,Thomas,Summer,Thomas.Summer33@fakeemail.com,NULL
323,White,Tinkles,White.Tinkles22@fakeemail.com,BN
324,Summer,Jones,Summer.Jones37@fakeemail.com,LB
325,Rick,Holmes,Rick.Holmes14@fakeemail.com,NULL
326,Andrea,Jessie,Andrea.Jessie49@fakeemail.com,VE
327,Andrea,Harvey,Andrea.Harvey30@fakeemail.com,CR
328,Hall,Black,Hall.Black11@fakeemail.com,NULL
329,Holmes,Sanchez,Holmes.Sanchez46@fakeemail.com,HU
330,Harvey,Steve,Harvey.Steve63@fakeemail.com,CK
331,Rose,Jackson,Rose.Jackson22@fakeemail.com,TZ
332,Harvey,Chris,Harvey.Chris60@fakeemail.com,ST
333,Jackson,Brown,Jackson.Brown65@fakeemail.com,NULL
334,Gary,Summer,Gary.Summer52@fakeemail.com,NULL
335,Donna,Rose,Donna.Rose4@fakeemail.com,NA
336,Beauregard,Andrea,Beauregard.Andrea54@fakeemail.com,NULL
337,Chris,Morty,Chris.Morty24@fakeemail.com,SN
338,Jones,Beth,Jones.Beth38@fakeemail.com,ML
339,Hall,Summer,Hall.Summer9@fakeemail.com,NULL
340,Morty,Gary,Morty.Gary36@fakeemail.com,LA
341,Jessie,Thomas,Jessie.Thomas4@fakeemail.com,CZ
342,Jerry,Beauregard,Jerry.Beauregard70@fakeemail.com,VE
343,Tinkles,Rose,Tinkles.Rose7@fakeemail.com,NULL
344,Perry,White,Perry.White12@fakeemail.com,GF
345,Jackson,Gary,Jackson.Gary36@fakeemail.com,IT
346,Brent,Wilson,Brent.Wilson53@fakeemail.com,IO
347,Jackson,Sanchez,Jackson.Sanchez43@fakeemail.com,NULL
348,Jeff,Black,Jeff.Black64@fakeemail.com,GF
349,Wilson,Stacy,Wilson.Stacy52@fakeemail.com,NULL
350,Black,Wilson,Black.Wilson63@fakeemail.com,FJ
351,Gary,Holmes,Gary.Holmes77@fakeemail.com,IN
352,Jones,Jessie,Jones.Jessie46@fakeemail.com,AU
353,Jackson,Jerry,Jackson.Jerry20@fakeemail.com,RW
354,Campbell,Sanchez,Campbell.Sanchez61@fakeemail.com,NULL
355,Perry,Rick,Perry.Rick13@fakeemail.com,NULL
356,Stacy,Morty,Stacy.Morty47@fakeemail.com,DJ
357,Brent,Jeff,Brent.Jeff13@fakeemail.com,KZ
358,Anderson,Andrea,Anderson.Andrea35@fakeemail.com,SO
359,Smith,Jerry,Smith.Jerry17@fakeemail.com,NULL
360,Anderson,Rick,Anderson.Rick34@fakeemail.com,DO
361,Andrea,Beauregard,Andrea.Beauregard17@fakeemail.com,NULL
362,Steve,Wilson,Steve.Wilson40@fakeemail.com,TD
363,Hall,Jackson,Hall.Jackson60@fakeemail.com,TH
364,Perry,Jones,Perry.Jones59@fakeemail.com,IE
365,Smith,Hall,Smith.Hall73@fakeemail.com,NULL
366,Jeff,Johnson,Jeff.Johnson74@fakeemail.com,TM
367,Brown,Johnson,Brown.Johnson3@fakeemail.com,AE
368,Brent,Chris,Brent.Chris76@fakeemail.com,AZ
369,Sanchez,Campbell,Sanchez.Campbell29@fakeemail.com,CN
370,Rick,Jessie,Rick.Jessie54@fakeemail.com,YT
371,Hall,White,Hall.White35@fakeemail.com,SK
372,Donna,Jessie,Donna.Jessie11@fakeemail.com,PY
373,Gordon,Andrea,Gordon.Andrea7@fakeemail.com,AR
374,Miller,Campbell,Miller.Campbell34@fakeemail.com,NULL
375,Tinkles,Hall,Tinkles.Hall34@fakeemail.com,UZ
376,Johnson,Anderson,Johnson.Anderson37@fakeemail.com,BF
377,Gary,Harvey,Gary.Harvey7@fakeemail.com,UY
378,Jessie,Miller,Jessie.Miller23@fakeemail.com,CR
379,Tinkles,Chris,Tinkles.Chris65@fakeemail.com,NULL
380,Summer,Jackson,Summer.Jackson46@fakeemail.com,NULL
381,Chris,Jessie,Chris.Jessie64@fakeemail.com,IS
382,Rose,Chris,Rose.Chris75@fakeemail.com,KR
383,Wilson,Thomas,Wilson.Thomas2@fakeemail.com,SH
384,Anderson,Black,Anderson.Black13@fakeemail.com,MZ
385,Sanchez,Beth,Sanchez.Beth13@fakeemail.com,BE
386,Andrea,Anderson,Andrea.Anderson6@fakeemail.com,IS
387,Brent,Jackson,Brent.Jackson7@fakeemail.com,NULL
388,Sanchez,Jones,Sanchez.Jones69@fakeemail.com,KZ
389,Thomas,Gary,Thomas.Gary15@fakeemail.com,RU
390,Black,Jessie,NULL,DE
391,Jerry,Johnson,Jerry.Johnson72@fakeemail.com,MD
392,Perry,Holmes,Perry.Holmes24@fakeemail.com,NULL
393,Chris,Stacy,Chris.Stacy71@fakeemail.com,MC
394,Sanchez,Smith,Sanchez.Smith30@fakeemail.com,MY
395,Sanchez,Morty,Sanchez.Morty12@fakeemail.com,TC
396,Rose,Jackson,Rose.Jackson11@fakeemail.com,GQ
397,Jones,Brown,Jones.Brown13@fakeemail.com,BR
398,Harvey,Steve,Harvey.Steve44@fakeemail.com,TW
399,Perry,Michelle,Perry.Michelle60@fakeemail.com,NULL
400,Andrea,Johnson,Andrea.Johnson73@fakeemail.com,BV
401,Jessie,Anderson,Jessie.Anderson22@fakeemail.com,NF
402,Campbell,Sullivan,NULL,SK
403,Jones,Tinkles,Jones.Tinkles72@fakeemail.com,VC
404,Thomas,Jessie,Thomas.Jessie11@fakeemail.com,WF
405,Jerry,Campbell,Jerry.Campbell14@fakeemail.com,GS
406,Hall,Campbell,Hall.Campbell73@fakeemail.com,VU
407,Brent,Jackson,Brent.Jackson6@fakeemail.com,TT
408,Rick,Jackson,Rick.Jackson77@fakeemail.com,NULL
409,Thomas,Brown,Thomas.Brown49@fakeemail.com,NULL
410,Jackson,Rose,NULL,JO
411,Michelle,Perry,Michelle.Perry51@fakeemail.com,MQ
412,Steve,Beth,Steve.Beth36@fakeemail.com,KR
413,Wilson,Jessie,Wilson.Jessie33@fakeemail.com,GF
414,Thomas,Brown,Thomas.Brown25@fakeemail.com,CK
415,Hall,Andrea,Hall.Andrea36@fakeemail.com,EH
416,Jackson,Morty,Jackson.Morty68@fakeemail.com,NULL
417,Rose,White,Rose.White10@fakeemail.com,BF
418,Rose,Black,Rose.Black64@fakeemail.com,KN
419,Rick,Alex,Rick.Alex34@fakeemail.com,CU
420,Jones,Gary,Jones.Gary49@fakeemail.com,NF
421,Thomas,Miller,Thomas.Miller34@fakeemail.com,NULL
422,Harvey,Miller,Harvey.Miller36@fakeemail.com,NULL
423,Campbell,Jessie,Campbell.Jessie57@fakeemail.com,NULL
424,Harvey,Jackson,Harvey.Jackson76@fakeemail.com,LB
425,Hall,Jeff,Hall.Jeff39@fakeemail.com,OM
426,Campbell,Jessie,Campbell.Jessie42@fakeemail.com,NULL
427,Morty,Tinkles,Morty.Tinkles14@fakeemail.com,NULL
428,Morty,Perry,Morty.Perry10@fakeemail.com,NULL
429,Anderson,Tinkles,Anderson.Tinkles72@fakeemail.com,KI
430,Gordon,Michelle,Gordon.Michelle54@fakeemail.com,PN
431,Wilson,Chris,Wilson.Chris39@fakeemail.com,NULL
432,Jackson,Jerry,Jackson.Jerry24@fakeemail.com,IL
433,Michelle,Beth,Michelle.Beth55@fakeemail.com,PK
434,Miller,Smith,Miller.Smith33@fakeemail.com,NULL
435,Jessie,Gordon,Jessie.Gordon26@fakeemail.com,EG
436,Holmes,Harvey,Holmes.Harvey35@fakeemail.com,HT
437,Harvey,Campbell,Harvey.Campbell27@fakeemail.com,KG
438,Harvey,Tinkles,Harvey.Tinkles14@fakeemail.com,YT
439,Brown,Summer,Brown.Summer21@fakeemail.com,BA
440,Beauregard,Perry,Beauregard.Perry21@fakeemail.com,SL
441,Black,Michelle,Black.Michelle8@fakeemail.com,AW
442,Anderson,Perry,Anderson.Perry4@fakeemail.com,NI
443,Summer,Tinkles,Summer.Tinkles57@fakeemail.com,GY
444,Jackson,Brent,Jackson.Brent8@fakeemail.com,BV
445,White,Jackson,White.Jackson33@fakeemail.com,HK
446,Andrea,Hall,Andrea.Hall34@fakeemail.com,MT
447,Perry,Beauregard,Perry.Beauregard74@fakeemail.com,GD
448,Harvey,Rick,Harvey.Rick53@fakeemail.com,NULL
449,Rick,Brent,Rick.Brent40@fakeemail.com,QA
450,Jeff,Miller,Jeff.Miller14@fakeemail.com,MY
451,Sanchez,Jackson,Sanchez.Jackson23@fakeemail.com,TZ
452,Chris,Brent,Chris.Brent15@fakeemail.com,AD
453,Johnson,Andrea,Johnson.Andrea25@fakeemail.com,OM
454,Jackson,Brent,Jackson.Brent23@fakeemail.com,NULL
455,Steve,Harvey,Steve.Harvey47@fakeemail.com,BV
456,Donna,Stacy,Donna.Stacy55@fakeemail.com,MG
457,Rick,Summer,Rick.Summer46@fakeemail.com,NULL
458,Harvey,Brent,Harvey.Brent27@fakeemail.com,GM
459,Jerry,Perry,Jerry.Perry35@fakeemail.com,ZM
460,Gary,Jessie,Gary.Jessie10@fakeemail.com,NO
461,Sullivan,Wilson,Sullivan.Wilson9@fakeemail.com,NULL
462,Hall,Jessie,Hall.Jessie60@fakeemail.com,NULL
463,Holmes,Brent,Holmes.Brent14@fakeemail.com,MX
464,Smith,Rick,Smith.Rick43@fakeemail.com,NULL
465,Chris,Morty,Chris.Morty59@fakeemail.com,TG
466,Morty,Jackson,Morty.Jackson20@fakeemail.com,KG
467,Gordon,Wilson,Gordon.Wilson8@fakeemail.com,TL
468,Sanchez,Sanchez,Sanchez.Sanchez11@fakeemail.com,KG
469,Jerry,Rose,Jerry.Rose69@fakeemail.com,TT
470,Stacy,Holmes,Stacy.Holmes13@fakeemail.com,QA
471,Chris,Johnson,Chris.Johnson49@fakeemail.com,TR
472,Chris,Jones,Chris.Jones7@fakeemail.com,IO
473,Stacy,Anderson,Stacy.Anderson65@fakeemail.com,YT
474,Hall,Beth,Hall.Beth79@fakeemail.com,NULL
475,Morty,Wilson,Morty.Wilson53@fakeemail.com,SV
476,Alex,Chris,Alex.Chris62@fakeemail.com,GR
477,Chris,Miller,Chris.Miller76@fakeemail.com,HK
478,Beauregard,Beauregard,Beauregard.Beauregard48@fakeemail.com,BG
479,Jackson,Jackson,Jackson.Jackson67@fakeemail.com,VU
480,Jessie,Beth,Jessie.Beth58@fakeemail.com,PT
481,Andrea,Anderson,Andrea.Anderson50@fakeemail.com,VI
482,Campbell,Stacy,Campbell.Stacy31@fakeemail.com,CG
483,Hall,Jackson,Hall.Jackson35@fakeemail.com,NULL
484,Johnson,Black,Johnson.Black63@fakeemail.com,KE
485,Holmes,Jackson,Holmes.Jackson50@fakeemail.com,NULL
486,Gary,Tinkles,Gary.Tinkles32@fakeemail.com,NULL
487,Campbell,Harvey,Campbell.Harvey15@fakeemail.com,CX
488,Jessie,Jackson,Jessie.Jackson42@fakeemail.com,LC
489,Jackson,Steve,Jackson.Steve29@fakeemail.com,GW
490,Summer,Black,Summer.Black70@fakeemail.com,SR
491,Gary,Holmes,Gary.Holmes3@fakeemail.com,LT
492,Smith,Gary,Smith.Gary69@fakeemail.com,NULL
493,Sanchez,Tinkles,Sanchez.Tinkles68@fakeemail.com,NULL
494,Thomas,Wilson,Thomas.Wilson6@fakeemail.com,NULL
495,Michelle,Sanchez,Michelle.Sanchez25@fakeemail.com,TW
496,Stacy,Black,Stacy.Black28@fakeemail.com,NULL
497,Smith,Stacy,NULL,TR
498,Jessie,Rick,Jessie.Rick43@fakeemail.com,ZW
499,Wilson,Sanchez,Wilson.Sanchez76@fakeemail.com,NULL
500,Jessie,Summer,Jessie.Summer70@fakeemail.com,NULL
